Workbook

Sheet Summary
A1: PRAKTIKUM FUNGSI DASAR
A3: No. | B3: Rumus | C3: Sheet | D3: Fungsi
A4: 1 | B4: Sum | C4: 1 | D4: Menambahkan kolom
A5: 2 | B5: Average | D5: Menghitung rata-rata pada kolom
A6: 3 | B6: If | D6: Memberikan fungsi jika
A7: 4 | B7: Count / Counta | D7: Menjumlah isi kolom angka / huruf
A8: 5 | B8: Max | D8: Menghitung nilai maksimal pada kolom
A9: 6 | B9: Min | D9: Menghitung nilai minimal pada kolom
A10: 7 | B10: Sumif | D10: Menghitung jumlah dengan catatan fungsi jika
A11: 8 | B11: Countif | D11: Menghitung jumlah isi kolom dengan catatan fungsi jika
A12: 9 | B12: Rank | D12: Memberikan peringkat jumlah
A13: 10 | B13: Trim | C13: 2 | D13: Membenarkan spasi yang berantakan
A14: 11 | B14: Lower | D14: Mengubah huruf kecil semua
A15: 12 | B15: Upper | D15: Mengubah huruf besar/kapital semua
A16: 13 | B16: Proper | D16: Mengubah huruf depan setiap kata menjadi huruf kapital
A17: 14 | B17: Concatenate | C17: 3 | D17: Menggabungkan isi beberapa kolom
A18: 15 | B18: Len | D18: Menghitung jumlah isi huruf pada kolom
A19: 16 | B19: Left | D19: Mengambil isi kolom dari paling kiri
A20: 17 | B20: Mid | D20: Mengambil isi kolom dari tengah
A21: 18 | B21: Right | D21: Mengambil isi kolom dari paling kanan
A22: 19 | B22: Rounddown | C22: 4 | D22: Membulatkan angka ke bawah
A23: 20 | B23: Roundup | D23: Membulatkan angka ke atas
A24: 21 | B24: Round | D24: Membulatkan angka berdasarkan logika matematika
A25: 22 | B25: Floor | D25: Membulatkan angka ke kelipatan ke bawah
A26: 23 | B26: Ceiling | D26: Membulatkan angka ke kelipatan ke atas
A27: 24 | B27: Mround | D27: Membulatkan angka ke kelipatan berdasarkan logika matematika
A28: 25 | B28: Vlookup | C28: 5 | D28: Mencari data dari referensi data yang bentuknya vertikal
A29: 26 | B29: Hlookup | D29: Mencari data dari referensi data yang bentuknya horizontal
A30: 27 | B30: Iferror | D30: Memberikan keterangan pada data yang error

Sheet 1
A1: Nama Karyawan Tim IT | B1: L/P | C1: Omset - Bulan Mei | D1: Omset - Bulan Juni | E1: Omset - Bulan Juli | F1: Total Omset | G1: Rata-rata Omset | H1: Status | I1: Peringkat | K1: Sum
A2: Ferdy | B2: L | C2: 10000000 | D2: 6200000 | E2: 11500000 | F2: =SUM(C2:E2) -> 27700000 | G2: =AVERAGE(C2:E2) -> 9233333.3 | H2: =IF(F2>23000000,"Memenuhi","Gagal") -> Memenuhi | I2: =RANK(F2,$F$2:$F$6) -> 2 | K2: Average
A3: Nahdhudin | B3: L | C3: 5000000 | D3: 9000000 | E3: 12000000 | F3: =SUM(C3:E3) -> 26000000 | G3: =AVERAGE(C3:E3) -> 8666666.7 | H3: =IF(F3>23000000,"Memenuhi","Gagal") -> Memenuhi | I3: =RANK(F3,$F$2:$F$6) -> 3 | K3: If
A4: Jessica | B4: P | C4: 3200000 | D4: 10000000 | E4: 8000000 | F4: =SUM(C4:E4) -> 21200000 | G4: =AVERAGE(C4:E4) -> 7066666.7 | H4: =IF(F4>23000000,"Memenuhi","Gagal") -> Gagal | I4: =RANK(F4,$F$2:$F$6) -> 5 | K4: Count
A5: Zakiyah | B5: P | C5: 7500000 | D5: 9000000 | E5: 9500000 | F5: =SUM(C5:E5) -> 26000000 | G5: =AVERAGE(C5:E5) -> 8666666.7 | H5: =IF(F5>23000000,"Memenuhi","Gagal") -> Memenuhi | I5: =RANK(F5,$F$2:$F$6) -> 3 | K5: Max
A6: Elvano | B6: L | C6: 11000000 | D6: 13250000 | E6: 15000000 | F6: =SUM(C6:E6) -> 39250000 | G6: =AVERAGE(C6:E6) -> 13083333 | H6: =IF(F6>23000000,"Memenuhi","Gagal") -> Memenuhi | I6: =RANK(F6,$F$2:$F$6) -> 1 | K6: Min
K7: Sumif
K8: Countif
A9: Banyaknya karyawan tim IT | C9: =COUNTA(A2:A6) -> 5 | K9: Rank
A10: Omset paling tinggi | C10: =MAX(F2:F6) -> 39250000
A11: Omset paling rendah | C11: =MIN(F2:F6) -> 21200000
A12: Jumlah omset karyawan | C12: =SUMIF(B2:B6,"L",F2:F6) -> 92950000
A13: Jumlah omset karyawati | C13: =SUMIF(B2:B6,"P",F2:F6) -> 47200000
A14: Banyaknya pegawai yang lulus | C14: =COUNTIF(H2:H6,"Lulus") -> 0

Sheet 2
A1: Berantakan | C1: Uin WAliSonGo SeMARaNg | F1: Trim
A2: Supaya spasinya rapi | C2: =TRIM(C1) -> Uin WAliSonGo SeMARaNg | F2: Lower
A3: Huruf kecil semua | C3: =LOWER(C2) -> uin walisongo semarang | F3: Upper
A4: Huruf besar semua | C4: =UPPER(C3) -> UIN WALISONGO SEMARANG | F4: Proper
A5: Huruf besar di awal kata | C5: =PROPER(C4) -> Uin Walisongo Semarang

Sheet 3
A1: Divisi | B1: Nama Karyawan | C1: Tahun Lahir | D1: ID Karyawan | E1: Panjang Nama | G1: Concatenate
A2: HR | B2: Muhammad Irfan | C2: 2000 | D2: =CONCATENATE(A2,"-",B2,"-",C2) -> HR-Muhammad Irfan-2000 | E2: =LEN(B2) -> 14 | G2: Len
A3: IT | B3: Ferdy Irmawan | C3: 2004 | D3: =CONCATENATE(A3,"-",B3,"-",C3) -> IT-Ferdy Irmawan-2004 | E3: =LEN(B3) -> 13 | G3: Left
A4: QC | B4: Melanie Richard | C4: 1998 | D4: =CONCATENATE(A4,"-",B4,"-",C4) -> QC-Melanie Richard-1998 | E4: =LEN(B4) -> 15 | G4: Mid
A5: HC | B5: John Stephanie | C5: 1997 | D5: =CONCATENATE(A5,"-",B5,"-",C5) -> HC-John Stephanie-1997 | E5: =LEN(B5) -> 14 | G5: Right
A9: Nama Karyawan | B9: NIK | C9: 3 Karakter Pertama | D9: Karakter 4-7 | E9: 2 Karakter Terakhir
A10: Muhammad Irfan | B10: 1234560101810001 | C10: =LEFT(B10,3) -> 123 | D10: =MID(B10,4,4) -> 4560 | E10: =RIGHT(B10,2) -> 01
A11: Ferdy Irmawan | B11: 2885670208980002 | C11: =LEFT(B11,3) -> 288 | D11: =MID(B11,4,4) -> 5670 | E11: =RIGHT(B11,2) -> 02
A12: Melanie Richard | B12: 1398780204560003 | C12: =LEFT(B12,3) -> 139 | D12: =MID(B12,4,4) -> 8780 | E12: =RIGHT(B12,2) -> 03
A13: John Stephanie | B13: 4561231912900004 | C13: =LEFT(B13,3) -> 456 | D13: =MID(B13,4,4) -> 1231 | E13: =RIGHT(B13,2) -> 04

Sheet 4
A1: Nama Murid | B1: Nilai | C1: Pembulatan Ke Bawah | D1: Pembulatan Ke Atas | E1: Pembulatan Terdekat | G1: Item | H1: Stok yang dibutuhkan (pcs) | I1: Pembulatan Ke Bawah | J1: Pembulatan Ke Atas | K1: Pembulatan Terdekat
A2: Febrian | B2: 57.26 | C2: =ROUNDDOWN(B2,0) -> 57 | D2: =ROUNDUP(B2,0) -> 58 | E2: =ROUND(B2,0) -> 57 | G2: Shampoo | H2: 1150 | I2: =FLOOR(H2,100) -> 1100 | J2: =CEILING(H2,100) -> 1200 | K2: =MROUND(H2,100) -> 1200 | M2: Rounddown
A3: Jasmine | B3: 84.15 | C3: =ROUNDDOWN(B3,0) -> 84 | D3: =ROUNDUP(B3,0) -> 85 | E3: =ROUND(B3,0) -> 84 | G3: Sabun | H3: 560 | I3: =FLOOR(H3,100) -> 500 | J3: =CEILING(H3,100) -> 600 | K3: =MROUND(H3,100) -> 600 | M3: Roundup
A4: Renita | B4: 75.89 | C4: =ROUNDDOWN(B4,0) -> 75 | D4: =ROUNDUP(B4,0) -> 76 | E4: =ROUND(B4,0) -> 76 | G4: Mie Instan | H4: 86 | I4: =FLOOR(H4,100) -> 0 | J4: =CEILING(H4,100) -> 100 | K4: =MROUND(H4,100) -> 100 | M4: Round
A5: Isnadia | B5: 91.29 | C5: =ROUNDDOWN(B5,0) -> 91 | D5: =ROUNDUP(B5,0) -> 92 | E5: =ROUND(B5,0) -> 91 | G5: Beras | H5: 125 | I5: =FLOOR(H5,100) -> 100 | J5: =CEILING(H5,100) -> 200 | K5: =MROUND(H5,100) -> 100 | M5: Floor
A6: Angga Fahrul | B6: 64.49 | C6: =ROUNDDOWN(B6,0) -> 64 | D6: =ROUNDUP(B6,0) -> 65 | E6: =ROUND(B6,0) -> 64 | G6: Minyak Goreng | H6: 968 | I6: =FLOOR(H6,100) -> 900 | J6: =CEILING(H6,100) -> 1000 | K6: =MROUND(H6,100) -> 1000 | M6: Ceiling
A7: Asad | B7: 59.55 | C7: =ROUNDDOWN(B7,0) -> 59 | D7: =ROUNDUP(B7,0) -> 60 | E7: =ROUND(B7,0) -> 60 | M7: Mround
A8: Umminah | B8: 67.42 | C8: =ROUNDDOWN(B8,0) -> 67 | D8: =ROUNDUP(B8,0) -> 68 | E8: =ROUND(B8,0) -> 67
A9: Nahdhudin | B9: 98.05 | C9: =ROUNDDOWN(B9,0) -> 98 | D9: =ROUNDUP(B9,0) -> 99 | E9: =ROUND(B9,0) -> 98
A10: Zakiyah | B10: 63.45 | C10: =ROUNDDOWN(B10,0) -> 63 | D10: =ROUNDUP(B10,0) -> 64 | E10: =ROUND(B10,0) -> 63
A11: Farhan | B11: 79.13 | C11: =ROUNDDOWN(B11,0) -> 79 | D11: =ROUNDUP(B11,0) -> 80 | E11: =ROUND(B11,0) -> 79

Sheet 5
A1: Tanggal Pemesanan | B1: No. Pemesanan | C1: Nama Customer | D1: Domisili | E1: Lama Pengiriman
A2: 46087 | B2: 106 | C2: =VLOOKUP(B2,Referensi!$A$1:$D$11,2,0) -> Asad | D2: =VLOOKUP(B2,Referensi!$A$1:$D$11,4,0) -> Surabaya | E2: =HLOOKUP('5'!D2,Referensi!$A$14:$E$15,2,0) -> 2 Hari | H2: VLOOKUP
A3: 46083 | B3: 102 | C3: =VLOOKUP(B3,Referensi!$A$1:$D$11,2,0) -> Jasmine | D3: =VLOOKUP(B3,Referensi!$A$1:$D$11,4,0) -> Surabaya | E3: =HLOOKUP('5'!D3,Referensi!$A$14:$E$15,2,0) -> 2 Hari | H3: HLOOKUP
A4: 46085 | B4: 104 | C4: =VLOOKUP(B4,Referensi!$A$1:$D$11,2,0) -> Isnadia | D4: =VLOOKUP(B4,Referensi!$A$1:$D$11,4,0) -> Surabaya | E4: =HLOOKUP('5'!D4,Referensi!$A$14:$E$15,2,0) -> 2 Hari | H4: Iferror
A5: 46086 | B5: 105 | C5: =VLOOKUP(B5,Referensi!$A$1:$D$11,2,0) -> Angga Fahrul | D5: =VLOOKUP(B5,Referensi!$A$1:$D$11,4,0) -> Tuban | E5: =HLOOKUP('5'!D5,Referensi!$A$14:$E$15,2,0) -> 3 Hari
A6: 46091 | B6: 110 | C6: =VLOOKUP(B6,Referensi!$A$1:$D$11,2,0) -> Farhan | D6: =VLOOKUP(B6,Referensi!$A$1:$D$11,4,0) -> Tuban | E6: =HLOOKUP('5'!D6,Referensi!$A$14:$E$15,2,0) -> 3 Hari
A7: 46084 | B7: 103 | C7: =VLOOKUP(B7,Referensi!$A$1:$D$11,2,0) -> Renita | D7: =VLOOKUP(B7,Referensi!$A$1:$D$11,4,0) -> Wonosobo | E7: =HLOOKUP('5'!D7,Referensi!$A$14:$E$15,2,0) -> 2 Hari
A8: 46089 | B8: 108 | C8: =VLOOKUP(B8,Referensi!$A$1:$D$11,2,0) -> Nahdhudin | D8: =VLOOKUP(B8,Referensi!$A$1:$D$11,4,0) -> Semarang | E8: =HLOOKUP('5'!D8,Referensi!$A$14:$E$15,2,0) -> 4 Hari
A9: 46090 | B9: 109 | C9: =VLOOKUP(B9,Referensi!$A$1:$D$11,2,0) -> Zakiyah | D9: =VLOOKUP(B9,Referensi!$A$1:$D$11,4,0) -> Wonosobo | E9: =HLOOKUP('5'!D9,Referensi!$A$14:$E$15,2,0) -> 2 Hari
A10: 46082 | B10: 101 | C10: =VLOOKUP(B10,Referensi!$A$1:$D$11,2,0) -> Febrian | D10: =VLOOKUP(B10,Referensi!$A$1:$D$11,4,0) -> Semarang | E10: =HLOOKUP('5'!D10,Referensi!$A$14:$E$15,2,0) -> 4 Hari
A11: 46088 | B11: 112 | C11: =IFERROR(VLOOKUP(B11,Referensi!$A$1:$D$11,2,0),"Tidak Ada") -> Tidak Ada | D11: =IFERROR(VLOOKUP(B11,Referensi!$A$1:$D$11,4,0),"Tidak Ada") -> Tidak Ada | E11: =IFERROR(HLOOKUP('5'!D11,Referensi!$A$14:$E$15,2,0),"Tidak Ada") -> Tidak Ada

Sheet Referensi
A1: No. Pemesanan | B1: Nama Customer | C1: Jenis Kelamin | D1: Domisili
A2: 101 | B2: Febrian | C2: Laki-laki | D2: Semarang
A3: 102 | B3: Jasmine | C3: Perempuan | D3: Surabaya
A4: 103 | B4: Renita | C4: Perempuan | D4: Wonosobo
A5: 104 | B5: Isnadia | C5: Perempuan | D5: Surabaya
A6: 105 | B6: Angga Fahrul | C6: Laki-laki | D6: Tuban
A7: 106 | B7: Asad | C7: Laki-laki | D7: Surabaya
A8: 107 | B8: Umminah | C8: Perempuan | D8: Tuban
A9: 108 | B9: Nahdhudin | C9: Laki-laki | D9: Semarang
A10: 109 | B10: Zakiyah | C10: Perempuan | D10: Wonosobo
A11: 110 | B11: Farhan | C11: Laki-laki | D11: Tuban
A14: Kota | B14: Semarang | C14: Surabaya | D14: Wonosobo | E14: Tuban
A15: Lama Pengiriman | B15: 4 Hari | C15: 2 Hari | D15: 2 Hari | E15: 3 Hari
