Workbook

Sheet Part 1
A1: Nama Murid | B1: L/P | C1: MTK | D1: IPA | E1: IPS | F1: Total Nilai | G1: Rata-Rata Nilai | H1: Status | J1: Kriteria kelulusan berdasarkan nilai rata-rata
A2: Andi | B2: L | C2: 80 | D2: 90 | E2: 95 | F2: =SUM(C2:E2) -> 265 | G2: =AVERAGE(C2:E2) -> 88.333333 | H2: =IF(G2>=65,"Lulus","Tidak Lulus") -> Lulus | J2: 65-100 | K2: Lulus
A3: Budi | B3: L | C3: 40 | D3: 56 | E3: 45 | F3: =SUM(C3:E3) -> 141 | G3: =AVERAGE(C3:E3) -> 47 | H3: =IF(G3>=65,"Lulus","Tidak Lulus") -> Tidak Lulus | J3: Di bawah 65 | K3: Tidak Lulus
A4: Clara | B4: P | C4: 26 | D4: 85 | E4: 74 | F4: =SUM(C4:E4) -> 185 | G4: =AVERAGE(C4:E4) -> 61.666667 | H4: =IF(G4>=65,"Lulus","Tidak Lulus") -> Tidak Lulus
A5: Dewi | B5: P | C5: 89 | D5: 86 | E5: 91 | F5: =SUM(C5:E5) -> 266 | G5: =AVERAGE(C5:E5) -> 88.666667 | H5: =IF(G5>=65,"Lulus","Tidak Lulus") -> Lulus
A6: Eko | B6: L | C6: 56 | D6: 82 | E6: 66 | F6: =SUM(C6:E6) -> 204 | G6: =AVERAGE(C6:E6) -> 68 | H6: =IF(G6>=65,"Lulus","Tidak Lulus") -> Lulus
A7: Fiona | B7: P | C7: 48 | D7: 56 | E7: 75 | F7: =SUM(C7:E7) -> 179 | G7: =AVERAGE(C7:E7) -> 59.666667 | H7: =IF(G7>=65,"Lulus","Tidak Lulus") -> Tidak Lulus
A8: Gina | B8: P | C8: 29 | D8: 95 | E8: 77 | F8: =SUM(C8:E8) -> 201 | G8: =AVERAGE(C8:E8) -> 67 | H8: =IF(G8>=65,"Lulus","Tidak Lulus") -> Lulus
A9: Hesti | B9: P | C9: 89 | D9: 85 | E9: 84 | F9: =SUM(C9:E9) -> 258 | G9: =AVERAGE(C9:E9) -> 86 | H9: =IF(G9>=65,"Lulus","Tidak Lulus") -> Lulus
A10: Iqbal | B10: L | C10: 78 | D10: 74 | E10: 81 | F10: =SUM(C10:E10) -> 233 | G10: =AVERAGE(C10:E10) -> 77.666667 | H10: =IF(G10>=65,"Lulus","Tidak Lulus") -> Lulus
A11: Juned | B11: L | C11: 55 | D11: 73 | E11: 42 | F11: =SUM(C11:E11) -> 170 | G11: =AVERAGE(C11:E11) -> 56.666667 | H11: =IF(G11>=65,"Lulus","Tidak Lulus") -> Tidak Lulus
A13: Banyaknya murid di kelas | E13: =COUNT(F2:F11) -> 10
A14: Nilai rata-rata tertinggi | E14: =MAX(G2:G11) -> 88.666667
A15: Nilai rata-rata terendah | E15: =MIN(G2:G11) -> 47
A17: Banyaknya murid yang lulus | E17: =COUNTIF(H2:H11,"Lulus") -> 6
A18: Jumlah total nilai murid yang lulus | E18: =SUMIF(H2:H11,"Lulus",F2:F11) -> 1427
A19: Rata-rata nilai murid yang lulus | E19: =AVERAGEIF(H2:H11,"Lulus",G2:G11) -> 79.277778

Sheet Part 2
A2: Jenis Sekolah | B2: Nama Sekolah | C2: Keterangan | D2: Nama Lengkap Sekolah
A3: SDN | B3: 14 | C3: Pagi | D3: =CONCATENATE(A3," ",B3," ",C3) -> SDN 14 Pagi
A4: SD | B4: Hikmah Jaya | C4: 1 | D4: =CONCATENATE(A4," ",B4," ",C4) -> SD Hikmah Jaya 1
A5: SD | B5: Unggul Persada | C5: 13 | D5: =CONCATENATE(A5," ",B5," ",C5) -> SD Unggul Persada 13
A6: SDN | B6: 14 | C6: Sore | D6: =CONCATENATE(A6," ",B6," ",C6) -> SDN 14 Sore
A7: SDN | B7: 9 | C7: Unggulan | D7: =CONCATENATE(A7," ",B7," ",C7) -> SDN 9 Unggulan
A10: Berantakan | C10: NaMa KEPala SekOLAH
A11: Huruf kecil semua | C11: =LOWER(C10) -> nama kepala sekolah
A12: Huruf besar semua | C12: =UPPER(C10) -> NAMA KEPALA SEKOLAH
A13: Huruf besar di awal kata | C13: =PROPER(C10) -> Nama Kepala Sekolah

Sheet Part 3
A1: Tanggal Pemesanan | B1: No. Pemesanan | C1: Nama Customer | D1: Domisili | E1: Lama Pengiriman
A2: 44261 | B2: 106 | C2: =VLOOKUP(B2,'Data Referensi'!$A$1:$D$11,2,0) -> Fiona | D2: =VLOOKUP(B2,'Data Referensi'!$A$1:$D$11,4,0) -> Palembang | E2: =HLOOKUP('Part 3'!D2,'Data Referensi'!$A$14:$E$15,2,0) -> 2 Hari
A3: 44257 | B3: 102 | C3: =VLOOKUP(B3,'Data Referensi'!$A$1:$D$11,2,0) -> Budi | D3: =VLOOKUP(B3,'Data Referensi'!$A$1:$D$11,4,0) -> Jakarta | E3: =HLOOKUP('Part 3'!D3,'Data Referensi'!$A$14:$E$15,2,0) -> 1 Hari
A4: 44259 | B4: 104 | C4: =VLOOKUP(B4,'Data Referensi'!$A$1:$D$11,2,0) -> Dewi | D4: =VLOOKUP(B4,'Data Referensi'!$A$1:$D$11,4,0) -> Surabaya | E4: =HLOOKUP('Part 3'!D4,'Data Referensi'!$A$14:$E$15,2,0) -> 3 Hari
A5: 44260 | B5: 105 | C5: =VLOOKUP(B5,'Data Referensi'!$A$1:$D$11,2,0) -> Eko | D5: =VLOOKUP(B5,'Data Referensi'!$A$1:$D$11,4,0) -> Jakarta | E5: =HLOOKUP('Part 3'!D5,'Data Referensi'!$A$14:$E$15,2,0) -> 1 Hari
A6: 44265 | B6: 110 | C6: =VLOOKUP(B6,'Data Referensi'!$A$1:$D$11,2,0) -> Juned | D6: =VLOOKUP(B6,'Data Referensi'!$A$1:$D$11,4,0) -> Bandung | E6: =HLOOKUP('Part 3'!D6,'Data Referensi'!$A$14:$E$15,2,0) -> 2 Hari
A7: 44258 | B7: 103 | C7: =VLOOKUP(B7,'Data Referensi'!$A$1:$D$11,2,0) -> Clara | D7: =VLOOKUP(B7,'Data Referensi'!$A$1:$D$11,4,0) -> Palembang | E7: =HLOOKUP('Part 3'!D7,'Data Referensi'!$A$14:$E$15,2,0) -> 2 Hari
A8: 44263 | B8: 108 | C8: =VLOOKUP(B8,'Data Referensi'!$A$1:$D$11,2,0) -> Hesti | D8: =VLOOKUP(B8,'Data Referensi'!$A$1:$D$11,4,0) -> Bandung | E8: =HLOOKUP('Part 3'!D8,'Data Referensi'!$A$14:$E$15,2,0) -> 2 Hari
A9: 44264 | B9: 109 | C9: =VLOOKUP(B9,'Data Referensi'!$A$1:$D$11,2,0) -> Igna | D9: =VLOOKUP(B9,'Data Referensi'!$A$1:$D$11,4,0) -> Jakarta | E9: =HLOOKUP('Part 3'!D9,'Data Referensi'!$A$14:$E$15,2,0) -> 1 Hari
A10: 44256 | B10: 101 | C10: =VLOOKUP(B10,'Data Referensi'!$A$1:$D$11,2,0) -> Andi | D10: =VLOOKUP(B10,'Data Referensi'!$A$1:$D$11,4,0) -> Bandung | E10: =HLOOKUP('Part 3'!D10,'Data Referensi'!$A$14:$E$15,2,0) -> 2 Hari
A11: 44262 | B11: 107 | C11: =VLOOKUP(B11,'Data Referensi'!$A$1:$D$11,2,0) -> Gina | D11: =VLOOKUP(B11,'Data Referensi'!$A$1:$D$11,4,0) -> Surabaya | E11: =HLOOKUP('Part 3'!D11,'Data Referensi'!$A$14:$E$15,2,0) -> 3 Hari

Sheet Data Referensi
A1: No. Pemesanan | B1: Nama Customer | C1: Jenis Kelamin | D1: Domisili
A2: 101 | B2: Andi | C2: Laki-laki | D2: Bandung
A3: 102 | B3: Budi | C3: Laki-laki | D3: Jakarta
A4: 103 | B4: Clara | C4: Perempuan | D4: Palembang
A5: 104 | B5: Dewi | C5: Perempuan | D5: Surabaya
A6: 105 | B6: Eko | C6: Laki-laki | D6: Jakarta
A7: 106 | B7: Fiona | C7: Perempuan | D7: Palembang
A8: 107 | B8: Gina | C8: Perempuan | D8: Surabaya
A9: 108 | B9: Hesti | C9: Perempuan | D9: Bandung
A10: 109 | B10: Igna | C10: Laki-laki | D10: Jakarta
A11: 110 | B11: Juned | C11: Laki-laki | D11: Bandung
A14: Kota | B14: Jakarta | C14: Bandung | D14: Palembang | E14: Surabaya
A15: Lama Pengiriman | B15: 1 Hari | C15: 2 Hari | D15: 2 Hari | E15: 3 Hari
