Workbook

Sheet Worksheet
A1: No. Pemesanan | B1: Tanggal Pemesanan | C1: Nilai Pembelian | D1: Nama Customer | E1: Domisili | H1: Instruksi:
A2: 101 | B2: =TODAY() -> 46227 | C2: =A2*10000 -> 1010000 | D2: =VLOOKUP(A2,'Data Customer'!$A$1:$D$16,2,0) -> Andi | E2: =VLOOKUP(A2,'Data Customer'!$A$1:$D$16,4,0) -> Bandung | H2: 1. Gunakan Vlookup untuk mengetahui nama customer (data referensi ada di sheet berbeda)
A3: 102 | B3: =TODAY() -> 46227 | C3: =A3*10000 -> 1020000 | D3: =VLOOKUP(A3,'Data Customer'!$A$1:$D$16,2,0) -> Budi | E3: =VLOOKUP(A3,'Data Customer'!$A$1:$D$16,4,0) -> Jakarta | H3: 2. Jika ada data yang error, tambahkan iferror di rumus kalian
A4: 103 | B4: =TODAY() -> 46227 | C4: =A4*10000 -> 1030000 | D4: =VLOOKUP(A4,'Data Customer'!$A$1:$D$16,2,0) -> Clara | E4: =VLOOKUP(A4,'Data Customer'!$A$1:$D$16,4,0) -> Palembang | H4: 3. Dengan cara yang sama, sekarang coba kalian isi domisilinya
A5: 104 | B5: =B4+1 -> 46228 | C5: =A5*10000 -> 1040000 | D5: =VLOOKUP(A5,'Data Customer'!$A$1:$D$16,2,0) -> Dewi | E5: =VLOOKUP(A5,'Data Customer'!$A$1:$D$16,4,0) -> Sorong
A6: 105 | B6: =B5+1 -> 46229 | C6: =A6*10000 -> 1050000 | D6: =VLOOKUP(A6,'Data Customer'!$A$1:$D$16,2,0) -> Eko | E6: =VLOOKUP(A6,'Data Customer'!$A$1:$D$16,4,0) -> Makassar
A7: 106 | B7: =B6+1 -> 46230 | C7: =A7*10000 -> 1060000 | D7: =VLOOKUP(A7,'Data Customer'!$A$1:$D$16,2,0) -> Fiona | E7: =VLOOKUP(A7,'Data Customer'!$A$1:$D$16,4,0) -> Pekanbaru
A8: 107 | B8: =B7+1 -> 46231 | C8: =A8*10000 -> 1070000 | D8: =VLOOKUP(A8,'Data Customer'!$A$1:$D$16,2,0) -> Gina | E8: =VLOOKUP(A8,'Data Customer'!$A$1:$D$16,4,0) -> Jakarta
A9: 108 | B9: =B8+1 -> 46232 | C9: =A9*10000 -> 1080000 | D9: =VLOOKUP(A9,'Data Customer'!$A$1:$D$16,2,0) -> Hesti | E9: =VLOOKUP(A9,'Data Customer'!$A$1:$D$16,4,0) -> Tasikmalaya
A10: 109 | B10: =B8+1 -> 46232 | C10: =A10*10000 -> 1090000 | D10: =VLOOKUP(A10,'Data Customer'!$A$1:$D$16,2,0) -> Igna | E10: =VLOOKUP(A10,'Data Customer'!$A$1:$D$16,4,0) -> Semarang
A11: 110 | B11: =B9+1 -> 46233 | C11: =A11*10000 -> 1100000 | D11: =VLOOKUP(A11,'Data Customer'!$A$1:$D$16,2,0) -> Juned | E11: =VLOOKUP(A11,'Data Customer'!$A$1:$D$16,4,0) -> Solo
A12: 111 | B12: =B11+1 -> 46234 | C12: =A12*10000 -> 1110000 | D12: =VLOOKUP(A12,'Data Customer'!$A$1:$D$16,2,0) -> Kelly | E12: =VLOOKUP(A12,'Data Customer'!$A$1:$D$16,4,0) -> Yogyakarta
A13: 112 | B13: =B12+1 -> 46235 | C13: =A13*10000 -> 1120000 | D13: =VLOOKUP(A13,'Data Customer'!$A$1:$D$16,2,0) -> Lukas | E13: =VLOOKUP(A13,'Data Customer'!$A$1:$D$16,4,0) -> Denpasar
A14: 113 | B14: =B12+1 -> 46235 | C14: =A14*10000 -> 1130000 | D14: =VLOOKUP(A14,'Data Customer'!$A$1:$D$16,2,0) -> Merry | E14: =VLOOKUP(A14,'Data Customer'!$A$1:$D$16,4,0) -> Mataram
A15: 114 | B15: =B13+1 -> 46236 | C15: =A15*10000 -> 1140000 | D15: =VLOOKUP(A15,'Data Customer'!$A$1:$D$16,2,0) -> Nino | E15: =VLOOKUP(A15,'Data Customer'!$A$1:$D$16,4,0) -> Pontianak
A16: 115 | B16: =B15+1 -> 46237 | C16: =A16*10000 -> 1150000 | D16: =VLOOKUP(A16,'Data Customer'!$A$1:$D$16,2,0) -> Osa | E16: =VLOOKUP(A16,'Data Customer'!$A$1:$D$16,4,0) -> Ambon
A17: 116 | B17: =B16+1 -> 46238 | C17: =A17*10000 -> 1160000 | D17: =IFERROR(VLOOKUP(A17,'Data Customer'!$A$1:$D$16,2,0),"Tidak Ditemukan") -> Tidak Ditemukan | E17: =IFERROR(VLOOKUP(A17,'Data Customer'!$A$1:$D$16,4,0),"Tidak Ada Domisili") -> Tidak Ada Domisili
A18: 117 | B18: =B17+1 -> 46239 | C18: =A18*10000 -> 1170000 | D18: =IFERROR(VLOOKUP(A18,'Data Customer'!$A$1:$D$16,2,0),"Tidak Ditemukan") -> Tidak Ditemukan | E18: =IFERROR(VLOOKUP(A18,'Data Customer'!$A$1:$D$16,4,0),"Tidak Ada Domisili") -> Tidak Ada Domisili
A19: 118 | B19: =B18+1 -> 46240 | C19: =A19*10000 -> 1180000 | D19: =IFERROR(VLOOKUP(A19,'Data Customer'!$A$1:$D$16,2,0),"Tidak Ditemukan") -> Tidak Ditemukan | E19: =IFERROR(VLOOKUP(A19,'Data Customer'!$A$1:$D$16,4,0),"Tidak Ada Domisili") -> Tidak Ada Domisili

Sheet Data Customer
A1: No. Pemesanan | B1: Nama Customer | C1: Jenis Kelamin | D1: Domisili
A2: 101 | B2: Andi | C2: Laki-laki | D2: Bandung
A3: 102 | B3: Budi | C3: Laki-laki | D3: Jakarta
A4: 103 | B4: Clara | C4: Perempuan | D4: Palembang
A5: 104 | B5: Dewi | C5: Perempuan | D5: Sorong
A6: 105 | B6: Eko | C6: Laki-laki | D6: Makassar
A7: 106 | B7: Fiona | C7: Perempuan | D7: Pekanbaru
A8: 107 | B8: Gina | C8: Perempuan | D8: Jakarta
A9: 108 | B9: Hesti | C9: Perempuan | D9: Tasikmalaya
A10: 109 | B10: Igna | C10: Laki-laki | D10: Semarang
A11: 110 | B11: Juned | C11: Laki-laki | D11: Solo
A12: 111 | B12: Kelly | C12: Perempuan | D12: Yogyakarta
A13: 112 | B13: Lukas | C13: Laki-laki | D13: Denpasar
... A16: 115 | B16: Osa | C16: Perempuan | D16: Ambon
